"","n_sex","prop_sex"
"H",143390,0.568074670977046
"M",102822,0.407354584135587
"no_id",6202,0.0245707448873676
