"","sex","mean(SUELDO_TABULAR_BRUTO)"
"1","H",12564.3022091499
"2","M",12506.5794690825
"3","no_id",13916.9658287649
